update_idx,best_CR,A_scale,ReC_nm,A_base_deg,A_kind,S0_POL_in,s1_POL_in,s2_POL_in,s3_POL_in,S0_el#0_LC,s1_el#0_LC,s2_el#0_LC,s3_el#0_LC,S0_el#1_A,s1_el#1_A,s2_el#1_A,s3_el#1_A,S0_el#2_C,s1_el#2_C,s2_el#2_C,s3_el#2_C
0,7.352601764449459,0.0,-280.0,90.0,upper,3.0,1.0,0.0,0.0,3.000000000000001,0.9998797196084066,0.013916922892227901,-0.0032946179912229073,3.0000000000000018,0.9998797196084066,0.013916922892228045,-0.0032946179912228986,3.0000000000000036,0.49293082449494935,-0.059254847372556325,-0.8570212089319588
1,7.57670675386368,0.0,-275.0,90.0,upper,3.0,1.0,0.0,0.0,3.000000000000001,0.9998797196084066,0.013916922892227901,-0.0032946179912229073,3.0000000000000018,0.9998797196084066,0.013916922892228045,-0.0032946179912228986,3.0000000000000027,0.5090220823428986,-0.056932274360028,-0.8481035807764906
2,7.812355724186703,0.0,-270.0,90.0,upper,3.0,1.0,0.0,0.0,3.000000000000001,0.9998797196084066,0.013916922892227901,-0.0032946179912229073,3.0000000000000018,0.9998797196084066,0.013916922892228045,-0.0032946179912228986,3.000000000000002,0.5249464812787845,-0.05463378535694893,-0.8388724432309507
3,8.060323524153107,0.0,-265.0,90.0,upper,3.0,1.0,0.0,0.0,3.000000000000001,0.9998797196084066,0.013916922892227901,-0.0032946179912229073,3.0000000000000018,0.9998797196084066,0.013916922892228045,-0.0032946179912228986,3.000000000000002,0.5406979406148273,-0.052360258035000454,-0.8293310385143482
4,8.32144936330807,0.0,-260.0,90.0,upper,3.0,1.0,0.0,0.0,3.000000000000001,0.9998797196084066,0.013916922892227901,-0.0032946179912229073,3.0000000000000018,0.9998797196084066,0.013916922892228045,-0.0032946179912228986,3.000000000000002,0.5562704424724854,-0.05011256100013176,-0.8194827311135272
5,8.596643093847826,0.0,-255.0,90.0,upper,3.0,1.0,0.0,0.0,3.000000000000001,0.9998797196084066,0.013916922892227901,-0.0032946179912229073,3.0000000000000018,0.9998797196084066,0.013916922892228045,-0.0032946179912228986,3.000000000000003,0.571658034225723,-0.047891553439903686,-0.8093310065190682
6,8.886892186017459,0.0,-250.0,90.0,upper,3.0,1.0,0.0,0.0,3.000000000000001,0.9998797196084066,0.013916922892227901,-0.0032946179912229073,3.0000000000000018,0.9998797196084066,0.013916922892228045,-0.0032946179912228986,3.0000000000000027,0.5868548309189345,-0.045698084774492366,-0.7988794699106931
7,9.193269480310716,0.0,-245.0,90.0,upper,3.0,1.0,0.0,0.0,3.000000000000001,0.9998797196084066,0.013916922892227901,-0.0032946179912229073,3.0000000000000018,0.9998797196084066,0.013916922892228045,-0.0032946179912228986,3.0000000000000027,0.6018550176584794,-0.04353299431149971,-0.7881318447926939
8,9.516941810003079,0.0,-240.0,90.0,upper,3.0,1.0,0.0,0.0,3.000000000000001,0.9998797196084066,0.013916922892227901,-0.0032946179912229073,3.0000000000000018,0.9998797196084066,0.013916922892228045,-0.0032946179912228986,3.0000000000000027,0.6166528519768182,-0.041397110904720584,-0.7770919715799418
9,9.859179599000893,0.0,-235.0,90.0,upper,3.0,1.0,0.0,0.0,3.000000000000001,0.9998797196084066,0.013916922892227901,-0.0032946179912229073,3.0000000000000018,0.9998797196084066,0.013916922892228045,-0.0032946179912228986,3.0000000000000027,0.6312426661682224,-0.039291252617012086,-0.7657638061350468
10,10.221367552676922,0.0,-230.0,90.0,upper,3.0,1.0,0.0,0.0,3.000000000000001,0.9998797196084066,0.013916922892227901,-0.0032946179912229073,3.0000000000000018,0.9998797196084066,0.013916922892228045,-0.0032946179912228986,3.0000000000000027,0.6456188695950698,-0.037216226387408374,-0.7541514182572515
11,10.605016573328808,0.0,-225.0,90.0,upper,3.0,1.0,0.0,0.0,3.000000000000001,0.9998797196084066,0.013916922892227901,-0.0032946179912229073,3.0000000000000018,0.9998797196084066,0.013916922892228045,-0.0032946179912228986,3.0000000000000027,0.6597759509637305,-0.03517282770262436,-0.7422589901236847
12,11.011777047143248,0.0,-220.0,90.0,upper,3.0,1.0,0.0,0.0,3.000000000000001,0.9998797196084066,0.013916922892227901,-0.0032946179912229073,3.0000000000000018,0.9998797196084066,0.013916922892228045,-0.0032946179912228986,3.0000000000000027,0.6737084805690717,-0.03316184027309035,-0.7300908146835995
13,11.443453666008446,0.0,-215.0,90.0,upper,3.0,1.0,0.0,0.0,3.000000000000001,0.9998797196084066,0.013916922892227901,-0.0032946179912229073,3.0000000000000018,0.9998797196084066,0.013916922892228045,-0.0032946179912228986,3.0000000000000036,0.6874111125066148,-0.031184035713653784,-0.7176512940062538
14,11.902021965020982,0.0,-210.0,90.0,upper,3.0,1.0,0.0,0.0,3.000000000000001,0.9998797196084066,0.013916922892227901,-0.0032946179912229073,3.0000000000000018,0.9998797196084066,0.013916922892228045,-0.0032946179912228986,3.0000000000000027,0.7008785868514007,-0.029240173229087046,-0.7049449375831094
15,12.389646774761085,0.0,-205.0,90.0,upper,3.0,1.0,0.0,0.0,3.000000000000001,0.9998797196084066,0.013916922892227901,-0.0032946179912229073,3.0000000000000018,0.9998797196084066,0.013916922892228045,-0.0032946179912228986,3.0000000000000027,0.7141057318026283,-0.027330999304536727,-0.6919763605850422
16,12.908702805821045,0.0,-200.0,90.0,upper,3.0,1.0,0.0,0.0,3.000000000000001,0.9998797196084066,0.013916922892227901,-0.0032946179912229073,3.0000000000000018,0.9998797196084066,0.013916922892228045,-0.0032946179912228986,3.0000000000000027,0.7270874657931384,-0.025457247401044367,-0.6787502820752787
17,13.461797600807303,0.0,-195.0,90.0,upper,3.0,1.0,0.0,0.0,3.000000000000001,0.9998797196084066,0.013916922892227901,-0.0032946179912229073,3.0000000000000018,0.9998797196084066,0.013916922892228045,-0.0032946179912228986,3.0000000000000027,0.7398187995628503,-0.02361963765627278,-0.6652715231787967
18,14.051797104791657,0.0,-190.0,90.0,upper,3.0,1.0,0.0,0.0,3.000000000000001,0.9998797196084066,0.013916922892227901,-0.0032946179912229073,3.0000000000000018,0.9998797196084066,0.013916922892228045,-0.0032946179912228986,3.000000000000002,0.7522948381952468,-0.021818876590564234,-0.6515450052089364
19,14.68185411701602,0.0,-185.0,90.0,upper,3.0,1.0,0.0,0.0,3.000000000000001,0.9998797196084066,0.013916922892227901,-0.0032946179912229073,3.0000000000000018,0.9998797196084066,0.013916922892228045,-0.0032946179912228986,3.0000000000000027,0.764510783116045,-0.020055656818457036,-0.6375757477520014
20,15.355439891728142,0.0,-180.0,90.0,upper,3.0,1.0,0.0,0.0,3.000000000000001,0.9998797196084066,0.013916922892227901,-0.0032946179912229073,3.0000000000000018,0.9998797196084066,0.013916922892228045,-0.0032946179912228986,3.000000000000003,0.776461934053186,-0.018330656765786085,-0.6233688667106334
21,16.07637915026858,0.0,-175.0,90.0,upper,3.0,1.0,0.0,0.0,3.000000000000001,0.9998797196084066,0.013916922892227901,-0.0032946179912229073,3.0000000000000018,0.9998797196084066,0.013916922892228045,-0.0032946179912228986,3.0000000000000027,0.7881436909573039,-0.016644540392486064,-0.6089295723067749
22,16.84888874415193,0.0,-170.0,90.0,upper,3.0,1.0,0.0,0.0,3.000000000000001,0.9998797196084066,0.013916922892227901,-0.0032946179912229073,3.0000000000000018,0.9998797196084066,0.013916922892228045,-0.0032946179912228986,3.0000000000000027,0.7995515558818513,-0.014997956921219417,-0.5942631670450405
23,17.677620161728235,0.0,-165.0,90.0,upper,3.0,1.0,0.0,0.0,3.000000000000001,0.9998797196084066,0.013916922892227901,-0.0032946179912229073,3.0000000000000018,0.9998797196084066,0.013916922892228045,-0.0032946179912228986,3.0000000000000027,0.8106811348220675,-0.013391540571944124,-0.5793750436373465
24,18.56770598766335,0.0,-160.0,90.0,upper,3.0,1.0,0.0,0.0,3.000000000000001,0.9998797196084066,0.013916922892227901,-0.0032946179912229073,3.0000000000000018,0.9998797196084066,0.013916922892228045,-0.0032946179912228986,3.0000000000000027,0.8215281395120008,-0.01182591030253567,-0.5642706828896542
25,19.524810289099463,0.0,-155.0,90.0,upper,3.0,1.0,0.0,0.0,3.000000000000001,0.9998797196084066,0.013916922892227901,-0.0032946179912229073,3.0000000000000018,0.9998797196084066,0.013916922892228045,-0.0032946179912228986,3.0000000000000027,0.8320883891788152,-0.010301669555574378,-0.5489556515517079
26,20.555182693104097,0.0,-150.0,90.0,upper,3.0,1.0,0.0,0.0,3.000000000000001,0.9998797196084066,0.013916922892227901,-0.0032946179912229073,3.0000000000000018,0.9998797196084066,0.013916922892228045,-0.0032946179912228986,3.0000000000000027,0.8423578122536223,-0.008819406011408936,-0.5334356001306573
27,21.66571560697431,0.0,-145.0,90.0,upper,3.0,1.0,0.0,0.0,3.000000000000001,0.9998797196084066,0.013916922892227901,-0.0032946179912229073,3.0000000000000018,0.9998797196084066,0.013916922892228045,-0.0032946179912228986,3.000000000000002,0.8523324480381009,-0.007379691347599609,-0.5177162606694794
28,22.86400357548281,0.0,-140.0,90.0,upper,3.0,1.0,0.0,0.0,3.000000000000001,0.9998797196084066,0.013916922892227901,-0.0032946179912229073,3.0000000000000018,0.9998797196084066,0.013916922892228045,-0.0032946179912228986,3.0000000000000027,0.8620084483261932,-0.0059830810048473754,-0.5018034444911185
29,24.158403112476975,0.0,-135.0,90.0,upper,3.0,1.0,0.0,0.0,3.000000000000001,0.9998797196084066,0.013916922892227901,-0.0032946179912229073,3.0000000000000018,0.9998797196084066,0.013916922892228045,-0.0032946179912228986,3.000000000000003,0.8713820789801726,-0.004630113959507564,-0.4857030399092896
30,25.558090415397537,0.0,-130.0,90.0,upper,3.0,1.0,0.0,0.0,3.000000000000001,0.9998797196084066,0.013916922892227901,-0.0032946179912229073,3.0000000000000018,0.9998797196084066,0.013916922892228045,-0.0032946179912228986,3.0000000000000027,0.8804497214604081,-0.003321312502787843,-0.4694210099068955
31,27.073113074316417,0.0,-125.0,90.0,upper,3.0,1.0,0.0,0.0,3.000000000000001,0.9998797196084066,0.013916922892227901,-0.0032946179912229073,3.0000000000000018,0.9998797196084066,0.013916922892228045,-0.0032946179912228986,3.0000000000000027,0.8892078743081648,-0.0020571820267238066,-0.4529633897830302
32,28.714430098037216,0.0,-120.0,90.0,upper,3.0,1.0,0.0,0.0,3.000000000000001,0.9998797196084066,0.013916922892227901,-0.0032946179912229073,3.0000000000000018,0.9998797196084066,0.013916922892228045,-0.0032946179912228986,3.0000000000000018,0.8976531545808025,-0.000838210817026519,-0.4363362847695497
33,30.49393214228894,0.0,-115.0,90.0,upper,3.0,1.0,0.0,0.0,3.000000000000001,0.9998797196084066,0.013916922892227901,-0.0032946179912229073,3.0000000000000018,0.9998797196084066,0.013916922892228045,-0.0032946179912228986,3.0000000000000027,0.9057822992387524,0.00033513014711074985,-0.4195458676182044
34,32.42443054845879,0.0,-110.0,90.0,upper,3.0,1.0,0.0,0.0,3.000000000000001,0.9998797196084066,0.013916922892227901,-0.0032946179912229073,3.0000000000000018,0.9998797196084066,0.013916922892228045,-0.0032946179912228986,3.0000000000000036,0.9135921664836766,0.0014623873861588476,-0.4025983761593462
35,34.519599465067,0.0,-105.0,90.0,upper,3.0,1.0,0.0,0.0,3.000000000000001,0.9998797196084066,0.013916922892227901,-0.0032946179912229073,3.0000000000000018,0.9998797196084066,0.013916922892228045,-0.0032946179912228986,3.0000000000000027,0.9210797370472302,0.0025431251062698244,-0.3855001108332291
36,36.79384969440908,0.0,-100.0,90.0,upper,3.0,1.0,0.0,0.0,3.000000000000001,0.9998797196084066,0.013916922892227901,-0.0032946179912229073,3.0000000000000018,0.9998797196084066,0.013916922892228045,-0.0032946179912228986,3.000000000000002,0.9282421154298715,0.0035769253780838306,-0.36825743219493673
37,39.262105775980096,0.0,-95.0,90.0,upper,3.0,1.0,0.0,0.0,3.000000000000001,0.9998797196084066,0.013916922892227901,-0.0032946179912229073,3.0000000000000018,0.9998797196084066,0.013916922892228045,-0.0032946179912228986,3.0000000000000027,0.9350765310891896,0.004563388308249069,-0.35087675839398386
38,41.9394490846707,0.0,-90.0,90.0,upper,3.0,1.0,0.0,0.0,3.000000000000001,0.9998797196084066,0.013916922892227901,-0.0032946179912229073,3.0000000000000018,0.9998797196084066,0.013916922892228045,-0.0032946179912228986,3.0000000000000027,0.9415803395772284,0.0055021322035808135,-0.33336456262964714
39,44.84057953297882,0.0,-85.0,90.0,upper,3.0,1.0,0.0,0.0,3.000000000000001,0.9998797196084066,0.013916922892227901,-0.0032946179912229073,3.0000000000000018,0.9998797196084066,0.013916922892228045,-0.0032946179912228986,3.0000000000000027,0.947751023626326,0.0063927937277884666,-0.3157273705830925
40,47.97903746140834,0.0,-80.0,90.0,upper,3.0,1.0,0.0,0.0,3.000000000000001,0.9998797196084066,0.013916922892227901,-0.0032946179912229073,3.0000000000000018,0.9998797196084066,0.013916922892228045,-0.0032946179912228986,3.000000000000003,0.9535861941829936,0.0072350280507033375,-0.2979717578273757
41,51.36611698764433,0.0,-75.0,90.0,upper,3.0,1.0,0.0,0.0,3.000000000000001,0.9998797196084066,0.013916922892227901,-0.0032946179912229073,3.0000000000000018,0.9998797196084066,0.013916922892228045,-0.0032946179912228986,3.0000000000000036,0.9590835913893896,0.008028508989942099,-0.28010434721640504
42,55.00939538383764,0.0,-70.0,90.0,upper,3.0,1.0,0.0,0.0,3.000000000000001,0.9998797196084066,0.013916922892227901,-0.0032946179912229073,3.0000000000000018,0.9998797196084066,0.013916922892228045,-0.0032946179912228986,3.0000000000000027,0.964241085511969,0.008772929144945874,-0.26213180625396004
43,58.910804992950446,0.0,-65.0,90.0,upper,3.0,1.0,0.0,0.0,3.000000000000001,0.9998797196084066,0.013916922892227901,-0.0032946179912229073,3.0000000000000018,0.9998797196084066,0.013916922892228045,-0.0032946179912228986,3.0000000000000036,0.9690566778168991,0.009468000023335615,-0.24406084444387344
44,63.0641926437988,0.0,-60.0,90.0,upper,3.0,1.0,0.0,0.0,3.000000000000001,0.9998797196084066,0.013916922892227901,-0.0032946179912229073,3.0000000000000018,0.9998797196084066,0.013916922892228045,-0.0032946179912228986,3.0000000000000027,0.9735285013918732,0.010113452159530566,-0.2258982106224893
45,67.45235757452768,0.0,-55.0,90.0,upper,3.0,1.0,0.0,0.0,3.000000000000001,0.9998797196084066,0.013916922892227901,-0.0032946179912229073,3.0000000000000018,0.9998797196084066,0.013916922892228045,-0.0032946179912228986,3.000000000000002,0.9776548219139568,0.010709035225577401,-0.207650690274517
46,72.04364618060788,0.0,-50.0,90.0,upper,3.0,1.0,0.0,0.0,3.000000000000001,0.9998797196084066,0.013916922892227901,-0.0032946179912229073,3.0000000000000018,0.9998797196084066,0.013916922892228045,-0.0032946179912228986,3.0000000000000027,0.9814340383631439,0.011254518134143451,-0.18932510283341195
47,76.78832370491705,0.0,-45.0,90.0,upper,3.0,1.0,0.0,0.0,3.000000000000001,0.9998797196084066,0.013916922892227901,-0.0032946179912229073,3.0000000000000018,0.9998797196084066,0.013916922892228045,-0.0032946179912228986,3.000000000000003,0.9848646836813089,0.011749689133627604,-0.17092829896741735
48,81.61514521873924,0.0,-40.0,90.0,upper,3.0,1.0,0.0,0.0,3.000000000000001,0.9998797196084066,0.013916922892227901,-0.0032946179912229073,3.0000000000000018,0.9998797196084066,0.013916922892228045,-0.0032946179912228986,3.0000000000000027,0.9879454253762717,0.012194355895350254,-0.15246715785240866
49,86.4287975675302,0.0,-35.0,90.0,upper,3.0,1.0,0.0,0.0,3.000000000000001,0.9998797196084066,0.013916922892227901,-0.0032946179912229073,3.0000000000000018,0.9998797196084066,0.013916922892228045,-0.0032946179912228986,3.0000000000000027,0.990675066070713,0.012588345592781939,-0.13394858443268765
50,91.1091319467691,0.0,-30.0,90.0,upper,3.0,1.0,0.0,0.0,3.000000000000001,0.9998797196084066,0.013916922892227901,-0.0032946179912229073,3.0000000000000018,0.9998797196084066,0.013916922892228045,-0.0032946179912228986,3.0000000000000027,0.9930525439957059,0.012931504972778616,-0.11537950667088141
51,95.51325691374485,0.0,-25.0,90.0,upper,3.0,1.0,0.0,0.0,3.000000000000001,0.9998797196084066,0.013916922892227901,-0.0032946179912229073,3.0000000000000018,0.9998797196084066,0.013916922892228045,-0.0032946179912228986,3.0000000000000027,0.995076933428643,0.01322370041879138,-0.09676687278810059
52,99.48147361607529,0.0,-20.0,90.0,upper,3.0,1.0,0.0,0.0,3.000000000000001,0.9998797196084066,0.013916922892227901,-0.0032946179912229073,3.0000000000000018,0.9998797196084066,0.013916922892228045,-0.0032946179912228986,3.0000000000000036,0.9967474450753812,0.013464818006023603,-0.07811764849552198
53,102.84756544204859,0.0,-15.0,90.0,upper,3.0,1.0,0.0,0.0,3.000000000000001,0.9998797196084066,0.013916922892227901,-0.0032946179912229073,3.0000000000000018,0.9998797196084066,0.013916922892228045,-0.0032946179912228986,3.000000000000002,0.9980634263964241,0.013654763548511674,-0.059438814218558844
54,105.45304320437035,0.0,-10.0,90.0,upper,3.0,1.0,0.0,0.0,3.000000000000001,0.9998797196084066,0.013916922892227901,-0.0032946179912229073,3.0000000000000018,0.9998797196084066,0.013916922892228045,-0.0032946179912228986,3.000000000000003,0.999024361877011,0.01379346263810947,-0.04073736231478941
55,107.16372496631443,0.0,-5.0,90.0,upper,3.0,1.0,0.0,0.0,3.000000000000001,0.9998797196084066,0.013916922892227901,-0.0032946179912229073,3.0000000000000018,0.9998797196084066,0.013916922892228045,-0.0032946179912228986,3.0000000000000027,0.9996298732409947,0.013880860675357772,-0.02202029428681527
56,107.88587165473055,0.0,0.0,90.0,upper,3.0,1.0,0.0,0.0,3.000000000000001,0.9998797196084066,0.013916922892227901,-0.0032946179912229073,3.0000000000000018,0.9998797196084066,0.013916922892228045,-0.0032946179912228986,,,,
57,108.88042394310213,0.05,5.0,90.0,upper,3.0,1.0,0.0,0.0,3.000000000000001,0.9998797196084066,0.013916922892227901,-0.0032946179912229073,3.000000000000002,0.9993944548325975,0.015512016744799054,-0.02928132240205197,3.000000000000003,0.999747513449203,0.015562976366633301,-0.013652822297978977
58,109.19320923097288,0.05,10.0,90.0,upper,3.0,1.0,0.0,0.0,3.000000000000001,0.9998797196084066,0.013916922892227901,-0.0032946179912229073,3.000000000000002,0.9993944548325975,0.015512016744799054,-0.02928132240205197,3.000000000000003,0.9998527486115343,0.015578165753958298,0.0019796501450964807
59,110.00490327119273,0.1,5.0,90.0,upper,3.0,1.0,0.0,0.0,3.000000000000001,0.9998797196084066,0.013916922892227901,-0.0032946179912229073,3.0000000000000027,0.9981729807274232,0.019527073953494255,-0.054962779483140135,3.0000000000000036,0.9989377985163332,0.019637465892571326,-0.039341513697840176
60,111.59171472974312,0.1,10.0,90.0,upper,3.0,1.0,0.0,0.0,3.000000000000001,0.9998797196084066,0.013916922892227901,-0.0032946179912229073,3.0000000000000027,0.9981729807274232,0.019527073953494255,-0.054962779483140135,3.0000000000000036,0.9994548589721433,0.019712097140908616,-0.023709428654035653
61,112.43598184040945,0.1,15.0,90.0,upper,3.0,1.0,0.0,0.0,3.000000000000001,0.9998797196084066,0.013916922892227901,-0.0032946179912229073,3.0000000000000027,0.9981729807274232,0.019527073953494255,-0.054962779483140135,3.000000000000003,0.9997240140606521,0.019750946331609707,-0.008070601135923542
62,112.50292374495571,0.1,20.0,90.0,upper,3.0,1.0,0.0,0.0,3.000000000000001,0.9998797196084066,0.013916922892227901,-0.0032946179912229073,3.0000000000000027,0.9981729807274232,0.019527073953494255,-0.054962779483140135,3.0000000000000036,0.9997451825043409,0.019754001733275184,0.007570890060017299
63,113.96730155142271,0.15,10.0,90.0,upper,3.0,1.0,0.0,0.0,3.000000000000001,0.9998797196084066,0.013916922892227901,-0.0032946179912229073,3.000000000000002,0.9962287587451156,0.025917845933268464,-0.08008372481413614,3.0000000000000027,0.9983154648739626,0.026219036019570846,-0.04885080745721165
64,116.19102067619235,0.15,15.0,90.0,upper,3.0,1.0,0.0,0.0,3.000000000000001,0.9998797196084066,0.013916922892227901,-0.0032946179912229073,3.000000000000002,0.9962287587451156,0.025917845933268464,-0.08008372481413614,3.000000000000002,0.9989871830349268,0.026315990184833885,-0.033212170113243365
65,117.63880859919546,0.15,20.0,90.0,upper,3.0,1.0,0.0,0.0,3.000000000000001,0.9998797196084066,0.013916922892227901,-0.0032946179912229073,3.000000000000002,0.9962287587451156,0.025917845933268464,-0.08008372481413614,3.0000000000000027,0.9994108667354394,0.026377143659469453,-0.017564183829823256
66,118.24922506415949,0.15,25.0,90.0,upper,3.0,1.0,0.0,0.0,3.000000000000001,0.9998797196084066,0.013916922892227901,-0.0032946179912229073,3.000000000000002,0.9962287587451156,0.025917845933268464,-0.08008372481413614,3.0000000000000027,0.9995863910598027,0.026402478413449563,-0.0019109299788859484
67,119.98442931585718,0.2,15.0,90.0,upper,3.0,1.0,0.0,0.0,3.000000000000001,0.9998797196084066,0.013916922892227901,-0.0032946179912229073,3.000000000000002,0.9935829835064419,0.034614664719376714,-0.10439541227356283,3.0000000000000027,0.9975082817962648,0.03518123272544642,-0.057563694563468534
68,122.9832843287181,0.2,20.0,90.0,upper,3.0,1.0,0.0,0.0,3.000000000000001,0.9998797196084066,0.013916922892227901,-0.0032946179912229073,3.000000000000002,0.9935829835064419,0.034614664719376714,-0.10439541227356283,3.0000000000000036,0.998321195572383,0.03529856672231392,-0.04191608574631782
69,125.15631943143902,0.2,25.0,90.0,upper,3.0,1.0,0.0,0.0,3.000000000000001,0.9998797196084066,0.013916922892227901,-0.0032946179912229073,3.000000000000002,0.9935829835064419,0.034614664719376714,-0.10439541227356283,3.0000000000000027,0.9988859086734362,0.03538007603754088,-0.02625675659462634
70,126.4075309825153,0.2,30.0,90.0,upper,3.0,1.0,0.0,0.0,3.000000000000001,0.9998797196084066,0.013916922892227901,-0.0032946179912229073,3.000000000000002,0.9935829835064419,0.034614664719376714,-0.10439541227356283,3.0000000000000036,0.9992022566090376,0.03542573692898513,-0.010589791640424189
71,126.67929597705054,0.2,35.0,90.0,upper,3.0,1.0,0.0,0.0,3.000000000000001,0.9998797196084066,0.013916922892227901,-0.0032946179912229073,3.000000000000002,0.9935829835064419,0.034614664719376714,-0.10439541227356283,3.0000000000000027,0.9992701417801456,0.03543553530943843,0.005080722266137013
72,128.46474017408826,0.25,20.0,90.0,upper,3.0,1.0,0.0,0.0,3.000000000000001,0.9998797196084066,0.013916922892227901,-0.0032946179912229073,3.0000000000000018,0.9902643246640731,0.045523291477659544,-0.12765844929441472,3.0000000000000027,0.9964887539236571,0.046421710454802714,-0.06524494511692108
73,132.4492859630861,0.25,25.0,90.0,upper,3.0,1.0,0.0,0.0,3.000000000000001,0.9998797196084066,0.013916922892227901,-0.0032946179912229073,3.0000000000000018,0.9902643246640731,0.045523291477659544,-0.12765844929441472,3.0000000000000027,0.9974254641230437,0.046556912926244844,-0.04958669894312247
74,135.5384601562169,0.25,30.0,90.0,upper,3.0,1.0,0.0,0.0,3.000000000000001,0.9998797196084066,0.013916922892227901,-0.0032946179912229073,3.0000000000000018,0.9902643246640731,0.045523291477659544,-0.12765844929441472,3.0000000000000027,0.9981137838568251,0.04665626332214166,-0.033914664236705264
75,137.58854271945185,0.25,35.0,90.0,upper,3.0,1.0,0.0,0.0,3.000000000000001,0.9998797196084066,0.013916922892227901,-0.0032946179912229073,3.0000000000000018,0.9902643246640731,0.045523291477659544,-0.12765844929441472,3.0000000000000027,0.9985535142913785,0.04671973294333172,-0.01823292902384455
76,138.49850160231867,0.25,40.0,90.0,upper,3.0,1.0,0.0,0.0,3.000000000000001,0.9998797196084066,0.013916922892227901,-0.0032946179912229073,3.0000000000000018,0.9902643246640731,0.045523291477659544,-0.12765844929441472,3.0000000000000027,0.9987445235480658,0.046747302754773276,-0.002545584238907859
77,140.02911526433107,0.3,25.0,90.0,upper,3.0,1.0,0.0,0.0,3.000000000000001,0.9998797196084066,0.013916922892227901,-0.0032946179912229073,3.0000000000000018,0.9863085790287497,0.05852605998629157,-0.14964551385008026,3.000000000000002,0.9952217831522215,0.05981257018629872,-0.07167264506781804
78,145.3167101051944,0.3,30.0,90.0,upper,3.0,1.0,0.0,0.0,3.000000000000001,0.9998797196084066,0.013916922892227901,-0.0032946179912229073,3.0000000000000018,0.9863085790287497,0.05852605998629157,-0.14964551385008026,3.0000000000000027,0.9962611868548179,0.059962595188171375,-0.056003037644667956
79,149.61510984444033,0.3,35.0,90.0,upper,3.0,1.0,0.0,0.0,3.000000000000001,0.9998797196084066,0.013916922892227901,-0.0032946179912229073,3.0000000000000018,0.9863085790287497,0.05852605998629157,-0.14964551385008026,3.0000000000000027,0.9970520034596998,0.06007673973309843,-0.04031794060662786
80,152.71101205023274,0.3,40.0,90.0,upper,3.0,1.0,0.0,0.0,3.000000000000001,0.9998797196084066,0.013916922892227901,-0.0032946179912229073,3.0000000000000018,0.9863085790287497,0.05852605998629157,-0.14964551385008026,3.0000000000000027,0.9975940061145909,0.06015497107777414,-0.02462144550192549
81,154.43874670037707,0.3,45.0,90.0,upper,3.0,1.0,0.0,0.0,3.000000000000001,0.9998797196084066,0.013916922892227901,-0.0032946179912229073,3.0000000000000018,0.9863085790287497,0.05852605998629157,-0.14964551385008026,3.0000000000000036,0.9978870349847936,0.06019726615204717,-0.008917647264760667
82,154.70133230243124,0.3,50.0,90.0,upper,3.0,1.0,0.0,0.0,3.000000000000001,0.9998797196084066,0.013916922892227901,-0.0032946179912229073,3.0000000000000018,0.9863085790287497,0.05852605998629157,-0.14964551385008026,3.0000000000000036,0.9979309973022743,0.06020361156600503,0.006789356922151373
83,155.60386510537467,0.35,30.0,90.0,upper,3.0,1.0,0.0,0.0,3.000000000000001,0.9998797196084066,0.013916922892227901,-0.0032946179912229073,3.0000000000000027,0.9817582374875613,0.07348330020086624,-0.17014391918671704,3.0000000000000027,0.9936655752080722,0.07520197636043341,-0.07664103385652354
84,162.67615650192636,0.35,35.0,90.0,upper,3.0,1.0,0.0,0.0,3.000000000000001,0.9998797196084066,0.013916922892227901,-0.0032946179912229073,3.0000000000000027,0.9817582374875613,0.07348330020086624,-0.17014391918671704,3.0000000000000027,0.9947831480885098,0.07536328411127337,-0.060960451557967164
85,168.63457890748367,0.35,40.0,90.0,upper,3.0,1.0,0.0,0.0,3.000000000000001,0.9998797196084066,0.013916922892227901,-0.0032946179912229073,3.0000000000000027,0.9817582374875613,0.07348330020086624,-0.17014391918671704,3.0000000000000027,0.9956519499524052,0.0754886848587715,-0.04526310451917199
86,173.15909162152815,0.35,45.0,90.0,upper,3.0,1.0,0.0,0.0,3.000000000000001,0.9998797196084066,0.013916922892227901,-0.0032946179912229073,3.0000000000000027,0.9817582374875613,0.07348330020086624,-0.17014391918671704,3.000000000000003,0.9962717332564709,0.07557814287313189,-0.02955308748344911
87,175.9822890870872,0.35,50.0,90.0,upper,3.0,1.0,0.0,0.0,3.000000000000001,0.9998797196084066,0.013916922892227901,-0.0032946179912229073,3.0000000000000027,0.9817582374875613,0.07348330020086624,-0.17014391918671704,3.0000000000000027,0.9966423175301844,0.07563163210567835,-0.013834498927931784
88,176.92626620514577,0.35,55.0,90.0,upper,3.0,1.0,0.0,0.0,3.000000000000001,0.9998797196084066,0.013916922892227901,-0.0032946179912229073,3.0000000000000027,0.9817582374875613,0.07348330020086624,-0.17014391918671704,3.0000000000000027,0.99676358943068,0.0756491361967774,0.0018885600748675322
89,186.16848113648982,0.4,40.0,90.0,upper,3.0,1.0,0.0,0.0,3.000000000000001,0.9998797196084066,0.013916922892227901,-0.0032946179912229073,3.000000000000002,0.9766619723437014,0.0902350233987623,-0.1889579943453211,3.000000000000003,0.9929408365504454,0.09258467505672859,-0.06427318477097287
90,194.48904476254287,0.4,45.0,90.0,upper,3.0,1.0,0.0,0.0,3.000000000000001,0.9998797196084066,0.013916922892227901,-0.0032946179912229073,3.000000000000002,0.9766619723437014,0.0902350233987623,-0.1889579943453211,3.0000000000000036,0.9938600395617367,0.09271735058323083,-0.04856570753153455
91,201.03848039327764,0.4,50.0,90.0,upper,3.0,1.0,0.0,0.0,3.000000000000001,0.9998797196084066,0.013916922892227901,-0.0032946179912229073,3.000000000000002,0.9766619723437014,0.0902350233987623,-0.1889579943453211,3.0000000000000027,0.9945300622875609,0.09281406003351024,-0.03284476657218481
92,205.38057203887664,0.4,55.0,90.0,upper,3.0,1.0,0.0,0.0,3.000000000000001,0.9998797196084066,0.013916922892227901,-0.0032946179912229073,3.000000000000002,0.9766619723437014,0.0902350233987623,-0.1889579943453211,3.0000000000000018,0.9949507118339221,0.09287477556571681,-0.017114463044669775
93,207.20140709935092,0.4,60.0,90.0,upper,3.0,1.0,0.0,0.0,3.000000000000001,0.9998797196084066,0.013916922892227901,-0.0032946179912229073,3.000000000000002,0.9766619723437014,0.0902350233987623,-0.1889579943453211,3.0000000000000036,0.9951218624784719,0.09289947903339246,-0.0013789008975903408
94,218.282871011443,0.45,45.0,90.0,upper,3.0,1.0,0.0,0.0,3.000000000000001,0.9998797196084066,0.013916922892227901,-0.0032946179912229073,3.0000000000000027,0.9710740517309004,0.10860284703333878,-0.2059112509664297,3.0000000000000044,0.9906797032088696,0.11143267907294967,-0.06577666623015668
95,230.07639182880186,0.45,50.0,90.0,upper,3.0,1.0,0.0,0.0,3.000000000000001,0.9998797196084066,0.013916922892227901,-0.0032946179912229073,3.0000000000000027,0.9710740517309004,0.10860284703333878,-0.2059112509664297,3.0000000000000036,0.9916190192824971,0.11156825766994034,-0.05006259652878952
96,239.58568397381646,0.45,55.0,90.0,upper,3.0,1.0,0.0,0.0,3.000000000000001,0.9998797196084066,0.013916922892227901,-0.0032946179912229073,3.0000000000000027,0.9710740517309004,0.10860284703333878,-0.2059112509664297,3.0000000000000036,0.992309060860149,0.11166785659259273,-0.03433479356981591
97,246.07937698838322,0.45,60.0,90.0,upper,3.0,1.0,0.0,0.0,3.000000000000001,0.9998797196084066,0.013916922892227901,-0.0032946179912229073,3.0000000000000027,0.9710740517309004,0.10860284703333878,-0.2059112509664297,3.0000000000000036,0.9927496316122331,0.11173144750317093,-0.01859735987006588
98,249.00480826459247,0.45,65.0,90.0,upper,3.0,1.0,0.0,0.0,3.000000000000001,0.9998797196084066,0.013916922892227901,-0.0032946179912229073,3.0000000000000027,0.9710740517309004,0.10860284703333878,-0.2059112509664297,3.0000000000000027,0.9929406023999787,0.11175901176209903,-0.0028544007858062035
99,262.8086787050395,0.5,50.0,90.0,upper,3.0,1.0,0.0,0.0,3.000000000000001,0.9998797196084066,0.013916922892227901,-0.0032946179912229073,3.0000000000000018,0.9650536886895602,0.1283921343589561,-0.2208483097090966,3.0000000000000036,0.9879425326297513,0.1316958544115332,-0.0653294851988945
100,279.8502564811982,0.5,55.0,90.0,upper,3.0,1.0,0.0,0.0,3.000000000000001,0.9998797196084066,0.013916922892227901,-0.0032946179912229073,3.0000000000000018,0.9650536886895602,0.1283921343589561,-0.2208483097090966,3.000000000000002,0.9888693718010853,0.1318296321227995,-0.04961385878162316
101,293.77646692650194,0.5,60.0,90.0,upper,3.0,1.0,0.0,0.0,3.000000000000001,0.9998797196084066,0.013916922892227901,-0.0032946179912229073,3.0000000000000018,0.9650536886895602,0.1283921343589561,-0.2208483097090966,3.000000000000003,0.9895469356591557,0.13192743004176205,-0.033884792545023704
102,303.313025814975,0.5,65.0,90.0,upper,3.0,1.0,0.0,0.0,3.000000000000001,0.9998797196084066,0.013916922892227901,-0.0032946179912229073,3.0000000000000018,0.9650536886895602,0.1283921343589561,-0.2208483097090966,3.0000000000000027,0.9899750340754009,0.13198922072572672,-0.018146388600354387
103,307.47503986977483,0.5,70.0,90.0,upper,3.0,1.0,0.0,0.0,3.000000000000001,0.9998797196084066,0.013916922892227901,-0.0032946179912229073,3.0000000000000018,0.9650536886895602,0.1283921343589561,-0.2208483097090966,3.0000000000000036,0.9901535440983196,0.132014986428173,-0.0024027517707930646
104,325.41589812185896,0.55,55.0,90.0,upper,3.0,1.0,0.0,0.0,3.000000000000001,0.9998797196084066,0.013916922892227901,-0.0032946179912229073,3.000000000000002,0.958664333322905,0.14939432115533066,-0.23363656280457776,3.000000000000002,0.9846708993841161,0.15314804563436515,-0.06281502399912299
105,350.5063188267835,0.55,60.0,90.0,upper,3.0,1.0,0.0,0.0,3.000000000000001,0.9998797196084066,0.013916922892227901,-0.0032946179912229073,3.000000000000002,0.958664333322905,0.14939432115533066,-0.23363656280457776,3.0000000000000036,0.9855507993818257,0.15327504825949956,-0.047104422375555045
106,371.01213073017635,0.55,65.0,90.0,upper,3.0,1.0,0.0,0.0,3.000000000000001,0.9998797196084066,0.013916922892227901,-0.0032946179912229073,3.000000000000002,0.958664333322905,0.14939432115533066,-0.23363656280457776,3.0000000000000027,0.9861815431949568,0.15336608828707476,-0.03138126847327311
107,384.61890585142027,0.55,70.0,90.0,upper,3.0,1.0,0.0,0.0,3.000000000000001,0.9998797196084066,0.013916922892227901,-0.0032946179912229073,3.000000000000002,0.958664333322905,0.14939432115533066,-0.23363656280457776,3.0000000000000027,0.9865629570464008,0.1534211406345257,-0.015649661756687135
108,389.5625460724133,0.55,75.0,90.0,upper,3.0,1.0,0.0,0.0,3.000000000000001,0.9998797196084066,0.013916922892227901,-0.0032946179912229073,3.000000000000002,0.958664333322905,0.14939432115533066,-0.23363656280457776,3.0000000000000036,0.9866949342811634,0.15344018990753,8.629590425997017e-05
109,413.94105244325425,0.6,60.0,90.0,upper,3.0,1.0,0.0,0.0,3.000000000000001,0.9998797196084066,0.013916922892227901,-0.0032946179912229073,3.0000000000000027,0.9519729171690863,0.1713893995208574,-0.2441675527604221,3.000000000000004,0.9808066791988312,0.17555119458826313,-0.05814272596105544
110,451.154881036132,0.6,65.0,90.0,upper,3.0,1.0,0.0,0.0,3.000000000000001,0.9998797196084066,0.013916922892227901,-0.0032946179912229073,3.0000000000000027,0.9519729171690863,0.1713893995208574,-0.2441675527604221,3.0000000000000027,0.9816037560278339,0.17566624271871048,-0.042445290571602255
111,480.8878073757431,0.6,70.0,90.0,upper,3.0,1.0,0.0,0.0,3.000000000000001,0.9998797196084066,0.013916922892227901,-0.0032946179912229073,3.0000000000000027,0.9519729171690863,0.1713893995208574,-0.2441675527604221,3.000000000000003,0.9821519423812389,0.17574536660338655,-0.026736807649158766
112,498.8277864193539,0.6,75.0,90.0,upper,3.0,1.0,0.0,0.0,3.000000000000001,0.9998797196084066,0.013916922892227901,-0.0032946179912229073,3.0000000000000027,0.9519729171690863,0.1713893995208574,-0.2441675527604221,3.0000000000000036,0.9824510913565778,0.17578854503874652,-0.011021371300649258
113,501.959664413768,0.6,80.0,90.0,upper,3.0,1.0,0.0,0.0,3.000000000000001,0.9998797196084066,0.013916922892227901,-0.0032946179912229073,3.0000000000000027,0.9519729171690863,0.1713893995208574,-0.2441675527604221,3.0000000000000036,0.9825011230691814,0.1757957664944314,0.004696922452942103
114,536.3520293498357,0.65,65.0,90.0,upper,3.0,1.0,0.0,0.0,3.000000000000001,0.9998797196084066,0.013916922892227901,-0.0032946179912229073,3.0000000000000036,0.9450490595195926,0.19414852675066677,-0.2523580509845382,3.0000000000000036,0.9762935833028421,0.19865828530490698,-0.051248982467907135
115,589.9378100461201,0.65,70.0,90.0,upper,3.0,1.0,0.0,0.0,3.000000000000001,0.9998797196084066,0.013916922892227901,-0.0032946179912229073,3.0000000000000036,0.9450490595195926,0.19414852675066677,-0.2523580509845382,3.000000000000004,0.9769709960954975,0.1987560614194549,-0.03557439464674726
116,629.7809234716708,0.65,75.0,90.0,upper,3.0,1.0,0.0,0.0,3.000000000000001,0.9998797196084066,0.013916922892227901,-0.0032946179912229073,3.0000000000000036,0.9450490595195926,0.19414852675066677,-0.2523580509845382,3.0000000000000044,0.977399956815919,0.19881797656630673,-0.019890896085824665
117,648.1915206345432,0.65,80.0,90.0,upper,3.0,1.0,0.0,0.0,3.000000000000001,0.9998797196084066,0.013916922892227901,-0.0032946179912229073,3.0000000000000036,0.9450490595195926,0.19414852675066677,-0.2523580509845382,3.000000000000004,0.9775803561873059,0.19884401497271476,-0.004202572366727909
118,689.8946857545312,0.7,70.0,90.0,upper,3.0,1.0,0.0,0.0,3.000000000000001,0.9998797196084066,0.013916922892227901,-0.0032946179912229073,3.000000000000002,0.9379642458776667,0.21743672579211804,-0.25815082406001083,3.0000000000000027,0.9710786838064192,0.22221638320517503,-0.042097629180743744
119,757.9255574389433,0.7,75.0,90.0,upper,3.0,1.0,0.0,0.0,3.000000000000001,0.9998797196084066,0.013916922892227901,-0.0032946179912229073,3.000000000000002,0.9379642458776667,0.21743672579211804,-0.25815082406001083,3.0000000000000027,0.9715991070384884,0.22229149982845697,-0.02645705597425556
120,799.2078400436002,0.7,80.0,90.0,upper,3.0,1.0,0.0,0.0,3.000000000000001,0.9998797196084066,0.013916922892227901,-0.0032946179912229073,3.000000000000002,0.9379642458776667,0.21743672579211804,-0.25815082406001083,3.0000000000000036,0.9718717142914717,0.22233084729618005,-0.010810347339153443
121,803.1764904116341,0.7,85.0,90.0,upper,3.0,1.0,0.0,0.0,3.000000000000001,0.9998797196084066,0.013916922892227901,-0.0032946179912229073,3.000000000000002,0.9379642458776667,0.21743672579211804,-0.25815082406001083,3.000000000000003,0.9718964447465333,0.22233441682990196,0.004838423270446213
122,832.9428248108933,0.75,75.0,90.0,upper,3.0,1.0,0.0,0.0,3.000000000000001,0.9998797196084066,0.013916922892227901,-0.0032946179912229073,3.000000000000002,0.9307909890766848,0.24101564269801165,-0.26151507951587816,3.0000000000000027,0.9651138979751088,0.2459697278709806,-0.030680047855023113
123,893.6242506547042,0.75,80.0,90.0,upper,3.0,1.0,0.0,0.0,3.000000000000001,0.9998797196084066,0.013916922892227901,-0.0032946179912229073,3.000000000000002,0.9307909890766848,0.24101564269801165,-0.26151507951587816,3.0000000000000027,0.9654399940947304,0.24601679579159189,-0.015086054430914892
124,909.7076398305525,0.75,85.0,90.0,upper,3.0,1.0,0.0,0.0,3.000000000000001,0.9998797196084066,0.013916922892227901,-0.0032946179912229073,3.000000000000002,0.9307909890766848,0.24101564269801165,-0.26151507951587816,3.000000000000003,0.9655191313118839,0.24602821826499854,0.0005106624800857828
